날짜,요일,시간,과목
2022-10-25,화,09:10~10:00,입학식
2022-10-25,화,10:10~11:00,재량교과
2022-10-25,화,11:10~12:00,웹프로그래밍 실습
2022-10-25,화,12:10~13:00,웹프로그래밍 실습
2022-10-25,화,14:00~14:50,웹프로그래밍 실습
2022-10-25,화,15:00~15:50,웹프로그래밍 실습
2022-10-26,수,09:10~10:00,웹프로그래밍 실습
2022-10-26,수,10:10~11:00,웹프로그래밍 실습
2022-10-26,수,11:10~12:00,웹프로그래밍 실습
2022-10-26,수,12:10~13:00,웹프로그래밍 실습
2022-10-26,수,14:00~14:50,웹프로그래밍 실습
2022-10-26,수,15:00~15:50,웹프로그래밍 실습
2022-10-26,수,16:00~16:50,웹프로그래밍 실습
2022-10-27,목,09:10~10:00,요구사항 분석과 계획수립 실습
2022-10-27,목,10:10~11:00,요구사항 분석과 계획수립 실습
2022-10-27,목,11:10~12:00,요구사항 분석과 계획수립 실습
2022-10-27,목,12:10~13:00,요구사항 분석과 계획수립 실습
2022-10-27,목,14:00~14:50,요구사항 분석과 계획수립 실습
2022-10-27,목,15:00~15:50,요구사항 분석과 계획수립 실습
2022-10-27,목,16:00~16:50,요구사항 분석과 계획수립 실습
2022-10-28,금,09:10~10:00,웹프로그래밍 실습
2022-10-28,금,10:10~11:00,웹프로그래밍 실습
2022-10-28,금,11:10~12:00,웹프로그래밍 실습
2022-10-28,금,12:10~13:00,웹프로그래밍 실습
2022-10-28,금,14:00~14:50,웹프로그래밍 실습
2022-10-28,금,15:00~15:50,웹프로그래밍 실습
2022-11-01,화,09:10~10:00,요구사항 분석과 계획수립 실습
2022-11-01,화,10:10~11:00,요구사항 분석과 계획수립 실습
2022-11-01,화,11:10~12:00,요구사항 분석과 계획수립 실습
2022-11-01,화,12:10~13:00,요구사항 분석과 계획수립 실습
2022-11-01,화,14:00~14:50,요구사항 분석과 계획수립 실습
2022-11-01,화,15:00~15:50,요구사항 분석과 계획수립 실습
2022-11-01,화,16:00~16:50,요구사항 분석과 계획수립 실습
2022-11-02,수,09:10~10:00,요구사항 분석과 계획수립 실습
2022-11-02,수,10:10~11:00,요구사항 분석과 계획수립 실습
2022-11-02,수,11:10~12:00,요구사항 분석과 계획수립 실습
2022-11-02,수,12:10~13:00,요구사항 분석과 계획수립 실습
2022-11-02,수,14:00~14:50,요구사항 분석과 계획수립 실습
2022-11-02,수,15:00~15:50,요구사항 분석과 계획수립 실습
2022-11-02,수,16:00~16:50,요구사항 분석과 계획수립 실습
2022-11-03,목,09:10~10:00,요구사항 분석과 계획수립 실습
2022-11-03,목,10:10~11:00,요구사항 분석과 계획수립 실습
2022-11-03,목,11:10~12:00,요구사항 분석과 계획수립 실습
2022-11-03,목,12:10~13:00,요구사항 분석과 계획수립 실습
2022-11-03,목,14:00~14:50,웹프로그래밍 실습
2022-11-03,목,15:00~15:50,웹프로그래밍 실습
2022-11-03,목,16:00~16:50,웹프로그래밍 실습
2022-11-04,금,09:10~10:00,요구사항 분석과 계획수립 실습
2022-11-04,금,10:10~11:00,요구사항 분석과 계획수립 실습
2022-11-04,금,11:10~12:00,요구사항 분석과 계획수립 실습
2022-11-04,금,12:10~13:00,요구사항 분석과 계획수립 실습
2022-11-04,금,14:00~14:50,요구사항 분석과 계획수립 실습
2022-11-04,금,15:00~15:50,요구사항 분석과 계획수립 실습
2022-11-07,월,09:10~10:00,요구사항 분석과 계획수립 실습
2022-11-07,월,10:10~11:00,요구사항 분석과 계획수립 실습
2022-11-07,월,11:10~12:00,요구사항 분석과 계획수립 실습
2022-11-07,월,12:10~13:00,요구사항 분석과 계획수립 실습
2022-11-07,월,14:00~14:50,요구사항 분석과 계획수립 실습
2022-11-07,월,15:00~15:50,요구사항 분석과 계획수립 실습
2022-11-08,화,09:10~10:00,웹프로그래밍 실습
2022-11-08,화,10:10~11:00,웹프로그래밍 실습
2022-11-08,화,11:10~12:00,웹프로그래밍 실습
2022-11-08,화,12:10~13:00,웹프로그래밍 실습
2022-11-08,화,14:00~14:50,웹프로그래밍 실습
2022-11-08,화,15:00~15:50,웹프로그래밍 실습
2022-11-08,화,16:00~16:50,웹프로그래밍 실습
2022-11-09,수,09:10~10:00,요구사항 분석과 계획수립 실습
2022-11-09,수,10:10~11:00,요구사항 분석과 계획수립 실습
2022-11-09,수,11:10~12:00,요구사항 분석과 계획수립 실습
2022-11-09,수,12:10~13:00,요구사항 분석과 계획수립 실습
2022-11-09,수,14:00~14:50,요구사항 분석과 계획수립 실습
2022-11-09,수,15:00~15:50,요구사항 분석과 계획수립 실습
2022-11-09,수,16:00~16:50,요구사항 분석과 계획수립 실습
2022-11-10,목,09:10~10:00,웹프로그래밍 실습
2022-11-10,목,10:10~11:00,웹프로그래밍 실습
2022-11-10,목,11:10~12:00,웹프로그래밍 실습
2022-11-10,목,12:10~13:00,웹프로그래밍 실습
2022-11-10,목,14:00~14:50,웹프로그래밍 실습
2022-11-10,목,15:00~15:50,웹프로그래밍 실습
2022-11-10,목,16:00~16:50,웹프로그래밍 실습
2022-11-11,금,09:10~10:00,요구사항 분석과 계획수립 실습
2022-11-11,금,10:10~11:00,요구사항 분석과 계획수립 실습
2022-11-11,금,11:10~12:00,요구사항 분석과 계획수립 실습
2022-11-11,금,12:10~13:00,요구사항 분석과 계획수립 실습
2022-11-11,금,14:00~14:50,요구사항 분석과 계획수립 실습
2022-11-11,금,15:00~15:50,요구사항 분석과 계획수립 실습
2022-11-14,월,09:10~10:00,요구사항 분석과 계획수립 실습
2022-11-14,월,10:10~11:00,요구사항 분석과 계획수립 실습
2022-11-14,월,11:10~12:00,요구사항 분석과 계획수립 실습
2022-11-14,월,12:10~13:00,요구사항 분석과 계획수립 실습
2022-11-14,월,14:00~14:50,요구사항 분석과 계획수립 실습
2022-11-14,월,15:00~15:50,요구사항 분석과 계획수립 실습
2022-11-15,화,09:10~10:00,웹프로그래밍 실습
2022-11-15,화,10:10~11:00,웹프로그래밍 실습
2022-11-15,화,11:10~12:00,웹프로그래밍 실습
2022-11-15,화,12:10~13:00,웹프로그래밍 실습
2022-11-15,화,14:00~14:50,웹프로그래밍 실습
2022-11-15,화,15:00~15:50,웹프로그래밍 실습
2022-11-15,화,16:00~16:50,웹프로그래밍 실습
2022-11-16,수,09:10~10:00,요구사항 분석과 계획수립 실습
2022-11-16,수,10:10~11:00,요구사항 분석과 계획수립 실습
2022-11-16,수,11:10~12:00,요구사항 분석과 계획수립 실습
2022-11-16,수,12:10~13:00,요구사항 분석과 계획수립 실습
2022-11-16,수,14:00~14:50,파이썬 프로그래밍
2022-11-16,수,15:00~15:50,파이썬 프로그래밍
2022-11-16,수,16:00~16:50,파이썬 프로그래밍
2022-11-17,목,09:10~10:00,웹프로그래밍 실습
2022-11-17,목,10:10~11:00,웹프로그래밍 실습
2022-11-17,목,11:10~12:00,웹프로그래밍 실습
2022-11-17,목,12:10~13:00,웹프로그래밍 실습
2022-11-17,목,14:00~14:50,웹프로그래밍 실습
2022-11-17,목,15:00~15:50,웹프로그래밍 실습
2022-11-17,목,16:00~16:50,웹프로그래밍 실습
2022-11-18,금,09:10~10:00,파이썬 프로그래밍
2022-11-18,금,10:10~11:00,파이썬 프로그래밍
2022-11-18,금,11:10~12:00,파이썬 프로그래밍
2022-11-18,금,12:10~13:00,파이썬 프로그래밍
2022-11-18,금,14:00~14:50,파이썬 프로그래밍
2022-11-18,금,15:00~15:50,파이썬 프로그래밍
2022-11-21,월,09:10~10:00,파이썬 프로그래밍
2022-11-21,월,10:10~11:00,파이썬 프로그래밍
2022-11-21,월,11:10~12:00,파이썬 프로그래밍
2022-11-21,월,12:10~13:00,파이썬 프로그래밍
2022-11-21,월,14:00~14:50,파이썬 프로그래밍
2022-11-21,월,15:00~15:50,파이썬 프로그래밍
2022-11-22,화,09:10~10:00,웹프로그래밍 실습
2022-11-22,화,10:10~11:00,웹프로그래밍 실습
2022-11-22,화,11:10~12:00,웹프로그래밍 실습
2022-11-22,화,12:10~13:00,웹프로그래밍 실습
2022-11-22,화,14:00~14:50,웹프로그래밍 실습
2022-11-22,화,15:00~15:50,웹프로그래밍 실습
2022-11-22,화,16:00~16:50,웹프로그래밍 실습
2022-11-23,수,09:10~10:00,파이썬 프로그래밍
2022-11-23,수,10:10~11:00,파이썬 프로그래밍
2022-11-23,수,11:10~12:00,파이썬 프로그래밍
2022-11-23,수,12:10~13:00,파이썬 프로그래밍
2022-11-23,수,14:00~14:50,파이썬 프로그래밍
2022-11-23,수,15:00~15:50,파이썬 프로그래밍
2022-11-23,수,16:00~16:50,파이썬 프로그래밍
2022-11-24,목,09:10~10:00,파이썬 프로그래밍
2022-11-24,목,10:10~11:00,파이썬 프로그래밍
2022-11-24,목,11:10~12:00,파이썬 프로그래밍
2022-11-24,목,12:10~13:00,파이썬 프로그래밍
2022-11-24,목,14:00~14:50,파이썬 프로그래밍
2022-11-24,목,15:00~15:50,파이썬 프로그래밍
2022-11-24,목,16:00~16:50,파이썬 프로그래밍
2022-11-25,금,09:10~10:00,파이썬 프로그래밍
2022-11-25,금,10:10~11:00,파이썬 프로그래밍
2022-11-25,금,11:10~12:00,파이썬 프로그래밍
2022-11-25,금,12:10~13:00,파이썬 프로그래밍
2022-11-25,금,14:00~14:50,파이썬 프로그래밍
2022-11-25,금,15:00~15:50,파이썬 프로그래밍
2022-11-28,월,09:10~10:00,파이썬 프로그래밍
2022-11-28,월,10:10~11:00,파이썬 프로그래밍
2022-11-28,월,11:10~12:00,파이썬 프로그래밍
2022-11-28,월,12:10~13:00,파이썬 프로그래밍
2022-11-28,월,14:00~14:50,파이썬 프로그래밍
2022-11-28,월,15:00~15:50,파이썬 프로그래밍
2022-11-29,화,09:10~10:00,웹프로그래밍 실습
2022-11-29,화,10:10~11:00,웹프로그래밍 실습
2022-11-29,화,11:10~12:00,웹프로그래밍 실습
2022-11-29,화,12:10~13:00,웹프로그래밍 실습
2022-11-29,화,14:00~14:50,웹프로그래밍 실습
2022-11-29,화,15:00~15:50,웹프로그래밍 실습
2022-11-29,화,16:00~16:50,웹프로그래밍 실습
2022-11-30,수,09:10~10:00,파이썬 프로그래밍
2022-11-30,수,10:10~11:00,파이썬 프로그래밍
2022-11-30,수,11:10~12:00,파이썬 프로그래밍
2022-11-30,수,12:10~13:00,파이썬 프로그래밍
2022-11-30,수,14:00~14:50,파이썬 프로그래밍
2022-11-30,수,15:00~15:50,파이썬 프로그래밍
2022-11-30,수,16:00~16:50,파이썬 프로그래밍
2022-12-05,월,09:10~10:00,웹프로그래밍 실습
2022-12-05,월,10:10~11:00,웹프로그래밍 실습
2022-12-05,월,11:10~12:00,웹프로그래밍 실습
2022-12-05,월,12:10~13:00,웹프로그래밍 실습
2022-12-05,월,14:00~14:50,웹프로그래밍 실습
2022-12-05,월,15:00~15:50,웹프로그래밍 실습
2022-12-06,화,09:10~10:00,웹프로그래밍 실습
2022-12-06,화,10:10~11:00,웹프로그래밍 실습
2022-12-06,화,11:10~12:00,웹프로그래밍 실습
2022-12-06,화,12:10~13:00,웹프로그래밍 실습
2022-12-06,화,14:00~14:50,웹프로그래밍 실습
2022-12-06,화,15:00~15:50,웹프로그래밍 실습
2022-12-06,화,16:00~16:50,웹프로그래밍 실습
2022-12-07,수,09:10~10:00,웹프로그래밍 실습
2022-12-07,수,10:10~11:00,웹프로그래밍 실습
2022-12-07,수,11:10~12:00,웹프로그래밍 실습
2022-12-07,수,12:10~13:00,웹프로그래밍 실습
2022-12-07,수,14:00~14:50,웹프로그래밍 실습
2022-12-07,수,15:00~15:50,알고리즘 프로그래밍
2022-12-07,수,16:00~16:50,알고리즘 프로그래밍
2022-12-08,목,09:10~10:00,파이썬 프로그래밍
2022-12-08,목,10:10~11:00,파이썬 프로그래밍
2022-12-08,목,11:10~12:00,파이썬 프로그래밍
2022-12-08,목,12:10~13:00,알고리즘 프로그래밍
2022-12-08,목,14:00~14:50,알고리즘 프로그래밍
2022-12-08,목,15:00~15:50,알고리즘 프로그래밍
2022-12-08,목,16:00~16:50,알고리즘 프로그래밍
2022-12-09,금,09:10~10:00,알고리즘 프로그래밍
2022-12-09,금,10:10~11:00,알고리즘 프로그래밍
2022-12-09,금,11:10~12:00,알고리즘 프로그래밍
2022-12-09,금,12:10~13:00,알고리즘 프로그래밍
2022-12-09,금,14:00~14:50,알고리즘 프로그래밍
2022-12-09,금,15:00~15:50,알고리즘 프로그래밍
2022-12-12,월,09:10~10:00,알고리즘 프로그래밍
2022-12-12,월,10:10~11:00,알고리즘 프로그래밍
2022-12-12,월,11:10~12:00,알고리즘 프로그래밍
2022-12-12,월,12:10~13:00,알고리즘 프로그래밍
2022-12-12,월,14:00~14:50,알고리즘 프로그래밍
2022-12-12,월,15:00~15:50,알고리즘 프로그래밍
2022-12-13,화,09:10~10:00,알고리즘 프로그래밍
2022-12-13,화,10:10~11:00,알고리즘 프로그래밍
2022-12-13,화,11:10~12:00,알고리즘 프로그래밍
2022-12-13,화,12:10~13:00,알고리즘 프로그래밍
2022-12-13,화,14:00~14:50,알고리즘 프로그래밍
2022-12-13,화,15:00~15:50,알고리즘 프로그래밍
2022-12-13,화,16:00~16:50,알고리즘 프로그래밍
2022-12-14,수,09:10~10:00,파이썬 프로그래밍
2022-12-14,수,10:10~11:00,파이썬 프로그래밍
2022-12-14,수,11:10~12:00,파이썬 프로그래밍
2022-12-14,수,12:10~13:00,파이썬 프로그래밍
2022-12-14,수,14:00~14:50,파이썬 프로그래밍
2022-12-14,수,15:00~15:50,파이썬 프로그래밍
2022-12-14,수,16:00~16:50,파이썬 프로그래밍
2022-12-15,목,09:10~10:00,알고리즘 프로그래밍
2022-12-15,목,10:10~11:00,알고리즘 프로그래밍
2022-12-15,목,11:10~12:00,알고리즘 프로그래밍
2022-12-15,목,12:10~13:00,알고리즘 프로그래밍
2022-12-15,목,14:00~14:50,알고리즘 프로그래밍
2022-12-15,목,15:00~15:50,파이썬 프로그래밍
2022-12-15,목,16:00~16:50,파이썬 프로그래밍
2022-12-16,금,09:10~10:00,알고리즘 프로그래밍
2022-12-16,금,10:10~11:00,알고리즘 프로그래밍
2022-12-16,금,11:10~12:00,알고리즘 프로그래밍
2022-12-16,금,12:10~13:00,알고리즘 프로그래밍
2022-12-16,금,14:00~14:50,알고리즘 프로그래밍
2022-12-16,금,15:00~15:50,알고리즘 프로그래밍
2022-12-19,월,09:10~10:00,알고리즘 프로그래밍
2022-12-19,월,10:10~11:00,알고리즘 프로그래밍
2022-12-19,월,11:10~12:00,파이썬 프로그래밍
2022-12-19,월,12:10~13:00,파이썬 프로그래밍
2022-12-19,월,14:00~14:50,파이썬 프로그래밍
2022-12-19,월,15:00~15:50,파이썬 프로그래밍
2022-12-20,화,09:10~10:00,파이썬 프로그래밍
2022-12-20,화,10:10~11:00,파이썬 프로그래밍
2022-12-20,화,11:10~12:00,파이썬 프로그래밍
2022-12-20,화,12:10~13:00,파이썬 프로그래밍
2022-12-20,화,14:00~14:50,파이썬 프로그래밍
2022-12-20,화,15:00~15:50,파이썬 프로그래밍
2022-12-20,화,16:00~16:50,파이썬 프로그래밍
2022-12-21,수,09:10~10:00,파이썬 프로그래밍
2022-12-21,수,10:10~11:00,파이썬 프로그래밍
2022-12-21,수,11:10~12:00,파이썬 프로그래밍
2022-12-21,수,12:10~13:00,파이썬 프로그래밍
2022-12-21,수,14:00~14:50,파이썬 프로그래밍
2022-12-21,수,15:00~15:50,파이썬 프로그래밍
2022-12-21,수,16:00~16:50,파이썬 프로그래밍
2022-12-22,목,09:10~10:00,알고리즘 프로그래밍
2022-12-22,목,10:10~11:00,알고리즘 프로그래밍
2022-12-22,목,11:10~12:00,알고리즘 프로그래밍
2022-12-22,목,12:10~13:00,알고리즘 프로그래밍
2022-12-22,목,14:00~14:50,알고리즘 프로그래밍
2022-12-22,목,15:00~15:50,알고리즘 프로그래밍
2022-12-22,목,16:00~16:50,알고리즘 프로그래밍
2022-12-23,금,09:10~10:00,알고리즘 프로그래밍
2022-12-23,금,10:10~11:00,알고리즘 프로그래밍
2022-12-23,금,11:10~12:00,알고리즘 프로그래밍
2022-12-23,금,12:10~13:00,알고리즘 프로그래밍
2022-12-23,금,14:00~14:50,알고리즘 프로그래밍
2023-01-02,월,09:10~10:00,알고리즘 프로그래밍
2023-01-02,월,10:10~11:00,알고리즘 프로그래밍
2023-01-02,월,11:10~12:00,알고리즘 프로그래밍
2023-01-02,월,12:10~13:00,알고리즘 프로그래밍
2023-01-02,월,14:00~14:50,알고리즘 프로그래밍
2023-01-02,월,15:00~15:50,알고리즘 프로그래밍
2023-01-03,화,09:10~10:00,알고리즘 프로그래밍
2023-01-03,화,10:10~11:00,알고리즘 프로그래밍
2023-01-03,화,11:10~12:00,알고리즘 프로그래밍
2023-01-03,화,12:10~13:00,알고리즘 프로그래밍
2023-01-03,화,14:00~14:50,알고리즘 프로그래밍
2023-01-03,화,15:00~15:50,알고리즘 프로그래밍
2023-01-03,화,16:00~16:50,알고리즘 프로그래밍
2023-01-04,수,09:10~10:00,파이썬 프로그래밍
2023-01-04,수,10:10~11:00,파이썬 프로그래밍
2023-01-04,수,11:10~12:00,데이터수집 및 분석 프로그래밍
2023-01-04,수,12:10~13:00,데이터수집 및 분석 프로그래밍
2023-01-04,수,14:00~14:50,데이터수집 및 분석 프로그래밍
2023-01-04,수,15:00~15:50,데이터수집 및 분석 프로그래밍
2023-01-04,수,16:00~16:50,데이터수집 및 분석 프로그래밍
2023-01-05,목,09:10~10:00,데이터수집 및 분석 프로그래밍
2023-01-05,목,10:10~11:00,데이터수집 및 분석 프로그래밍
2023-01-05,목,11:10~12:00,데이터수집 및 분석 프로그래밍
2023-01-05,목,12:10~13:00,데이터수집 및 분석 프로그래밍
2023-01-05,목,14:00~14:50,데이터수집 및 분석 프로그래밍
2023-01-05,목,15:00~15:50,알고리즘 프로그래밍
2023-01-05,목,16:00~16:50,알고리즘 프로그래밍
2023-01-06,금,09:10~10:00,알고리즘 프로그래밍
2023-01-06,금,10:10~11:00,알고리즘 프로그래밍
2023-01-06,금,11:10~12:00,알고리즘 프로그래밍
2023-01-06,금,12:10~13:00,알고리즘 프로그래밍
2023-01-06,금,14:00~14:50,알고리즘 프로그래밍
2023-01-06,금,15:00~15:50,알고리즘 프로그래밍
2023-01-09,월,09:10~10:00,데이터수집 및 분석 프로그래밍
2023-01-09,월,10:10~11:00,데이터수집 및 분석 프로그래밍
2023-01-09,월,11:10~12:00,데이터수집 및 분석 프로그래밍
2023-01-09,월,12:10~13:00,데이터수집 및 분석 프로그래밍
2023-01-09,월,14:00~14:50,데이터수집 및 분석 프로그래밍
2023-01-09,월,15:00~15:50,데이터수집 및 분석 프로그래밍
2023-01-10,화,09:10~10:00,데이터수집 및 분석 프로그래밍
2023-01-10,화,10:10~11:00,데이터수집 및 분석 프로그래밍
2023-01-10,화,11:10~12:00,데이터수집 및 분석 프로그래밍
2023-01-10,화,12:10~13:00,데이터수집 및 분석 프로그래밍
2023-01-10,화,14:00~14:50,데이터수집 및 분석 프로그래밍
2023-01-10,화,15:00~15:50,데이터수집 및 분석 프로그래밍
2023-01-10,화,16:00~16:50,데이터수집 및 분석 프로그래밍
2023-01-11,수,09:10~10:00,알고리즘 프로그래밍
2023-01-11,수,10:10~11:00,알고리즘 프로그래밍
2023-01-11,수,11:10~12:00,알고리즘 프로그래밍
2023-01-11,수,12:10~13:00,알고리즘 프로그래밍
2023-01-11,수,14:00~14:50,알고리즘 프로그래밍
2023-01-11,수,15:00~15:50,알고리즘 프로그래밍
2023-01-11,수,16:00~16:50,알고리즘 프로그래밍
2023-01-12,목,09:10~10:00,데이터수집 및 분석 프로그래밍
2023-01-12,목,10:10~11:00,데이터수집 및 분석 프로그래밍
2023-01-12,목,11:10~12:00,데이터수집 및 분석 프로그래밍
2023-01-12,목,12:10~13:00,데이터수집 및 분석 프로그래밍
2023-01-12,목,14:00~14:50,데이터수집 및 분석 프로그래밍
2023-01-12,목,15:00~15:50,데이터수집 및 분석 프로그래밍
2023-01-12,목,16:00~16:50,데이터수집 및 분석 프로그래밍
2023-01-13,금,09:10~10:00,데이터수집 및 분석 프로그래밍
2023-01-13,금,10:10~11:00,데이터수집 및 분석 프로그래밍
2023-01-13,금,11:10~12:00,데이터수집 및 분석 프로그래밍
2023-01-13,금,12:10~13:00,데이터수집 및 분석 프로그래밍
2023-01-13,금,14:00~14:50,데이터수집 및 분석 프로그래밍
2023-01-13,금,15:00~15:50,데이터수집 및 분석 프로그래밍
2023-01-16,월,09:10~10:00,알고리즘 프로그래밍
2023-01-16,월,10:10~11:00,알고리즘 프로그래밍
2023-01-16,월,11:10~12:00,데이터베이스설계와 SQL활용
2023-01-16,월,12:10~13:00,데이터베이스설계와 SQL활용
2023-01-16,월,14:00~14:50,데이터베이스설계와 SQL활용
2023-01-16,월,15:00~15:50,데이터베이스설계와 SQL활용
2023-01-17,화,09:10~10:00,데이터베이스설계와 SQL활용
2023-01-17,화,10:10~11:00,데이터베이스설계와 SQL활용
2023-01-17,화,11:10~12:00,데이터베이스설계와 SQL활용
2023-01-17,화,12:10~13:00,데이터베이스설계와 SQL활용
2023-01-17,화,14:00~14:50,데이터베이스설계와 SQL활용
2023-01-17,화,15:00~15:50,데이터베이스설계와 SQL활용
2023-01-17,화,16:00~16:50,데이터베이스설계와 SQL활용
2023-01-18,수,09:10~10:00,데이터베이스설계와 SQL활용
2023-01-18,수,10:10~11:00,데이터베이스설계와 SQL활용
2023-01-18,수,11:10~12:00,데이터베이스설계와 SQL활용
2023-01-18,수,12:10~13:00,데이터베이스설계와 SQL활용
2023-01-18,수,14:00~14:50,데이터베이스설계와 SQL활용
2023-01-18,수,15:00~15:50,데이터베이스설계와 SQL활용
2023-01-18,수,16:00~16:50,데이터베이스설계와 SQL활용
2023-01-19,목,09:10~10:00,데이터수집 및 분석 프로그래밍
2023-01-19,목,10:10~11:00,데이터수집 및 분석 프로그래밍
2023-01-19,목,11:10~12:00,데이터수집 및 분석 프로그래밍
2023-01-19,목,12:10~13:00,데이터수집 및 분석 프로그래밍
2023-01-19,목,14:00~14:50,데이터수집 및 분석 프로그래밍
2023-01-19,목,15:00~15:50,데이터수집 및 분석 프로그래밍
2023-01-19,목,16:00~16:50,데이터수집 및 분석 프로그래밍
2023-01-20,금,09:10~10:00,데이터수집 및 분석 프로그래밍
2023-01-20,금,10:10~11:00,데이터수집 및 분석 프로그래밍
2023-01-20,금,11:10~12:00,데이터수집 및 분석 프로그래밍
2023-01-20,금,12:10~13:00,데이터수집 및 분석 프로그래밍
2023-01-20,금,14:00~14:50,데이터수집 및 분석 프로그래밍
2023-01-25,수,09:10~10:00,데이터베이스설계와 SQL활용
2023-01-25,수,10:10~11:00,데이터베이스설계와 SQL활용
2023-01-25,수,11:10~12:00,데이터베이스설계와 SQL활용
2023-01-25,수,12:10~13:00,데이터베이스설계와 SQL활용
2023-01-25,수,14:00~14:50,데이터베이스설계와 SQL활용
2023-01-25,수,15:00~15:50,데이터베이스설계와 SQL활용
2023-01-25,수,16:00~16:50,데이터베이스설계와 SQL활용
2023-01-26,목,09:10~10:00,데이터수집 및 분석 프로그래밍
2023-01-26,목,10:10~11:00,데이터수집 및 분석 프로그래밍
2023-01-26,목,11:10~12:00,데이터수집 및 분석 프로그래밍
2023-01-26,목,12:10~13:00,데이터수집 및 분석 프로그래밍
2023-01-26,목,14:00~14:50,데이터수집 및 분석 프로그래밍
2023-01-26,목,15:00~15:50,데이터수집 및 분석 프로그래밍
2023-01-26,목,16:00~16:50,데이터수집 및 분석 프로그래밍
2023-01-27,금,09:10~10:00,데이터수집 및 분석 프로그래밍
2023-01-27,금,10:10~11:00,데이터수집 및 분석 프로그래밍
2023-01-27,금,11:10~12:00,데이터수집 및 분석 프로그래밍
2023-01-27,금,12:10~13:00,데이터수집 및 분석 프로그래밍
2023-01-27,금,14:00~14:50,데이터수집 및 분석 프로그래밍
2023-01-27,금,15:00~15:50,데이터수집 및 분석 프로그래밍
2023-01-30,월,09:10~10:00,데이터베이스설계와 SQL활용
2023-01-30,월,10:10~11:00,데이터베이스설계와 SQL활용
2023-01-30,월,11:10~12:00,데이터베이스설계와 SQL활용
2023-01-30,월,12:10~13:00,데이터베이스설계와 SQL활용
2023-01-30,월,14:00~14:50,데이터베이스설계와 SQL활용
2023-01-30,월,15:00~15:50,데이터베이스설계와 SQL활용
2023-01-31,화,09:10~10:00,데이터베이스설계와 SQL활용
2023-01-31,화,10:10~11:00,데이터베이스설계와 SQL활용
2023-01-31,화,11:10~12:00,데이터베이스설계와 SQL활용
2023-01-31,화,12:10~13:00,데이터베이스설계와 SQL활용
2023-01-31,화,14:00~14:50,데이터베이스설계와 SQL활용
2023-01-31,화,15:00~15:50,데이터베이스설계와 SQL활용
2023-01-31,화,16:00~16:50,데이터베이스설계와 SQL활용
2023-02-01,수,09:10~10:00,데이터베이스설계와 SQL활용
2023-02-01,수,10:10~11:00,데이터베이스설계와 SQL활용
2023-02-01,수,11:10~12:00,데이터베이스설계와 SQL활용
2023-02-01,수,12:10~13:00,데이터베이스설계와 SQL활용
2023-02-01,수,14:00~14:50,데이터베이스설계와 SQL활용
2023-02-01,수,15:00~15:50,데이터베이스설계와 SQL활용
2023-02-01,수,16:00~16:50,데이터베이스설계와 SQL활용
2023-02-02,목,09:10~10:00,데이터수집 및 분석 프로그래밍
2023-02-02,목,10:10~11:00,데이터수집 및 분석 프로그래밍
2023-02-02,목,11:10~12:00,데이터수집 및 분석 프로그래밍
2023-02-02,목,12:10~13:00,데이터수집 및 분석 프로그래밍
2023-02-02,목,14:00~14:50,데이터수집 및 분석 프로그래밍
2023-02-02,목,15:00~15:50,데이터수집 및 분석 프로그래밍
2023-02-02,목,16:00~16:50,데이터수집 및 분석 프로그래밍
2023-02-03,금,09:10~10:00,데이터수집 및 분석 프로그래밍
2023-02-03,금,10:10~11:00,데이터수집 및 분석 프로그래밍
2023-02-03,금,11:10~12:00,데이터수집 및 분석 프로그래밍
2023-02-03,금,12:10~13:00,데이터수집 및 분석 프로그래밍
2023-02-03,금,14:00~14:50,데이터수집 및 분석 프로그래밍
2023-02-03,금,15:00~15:50,데이터수집 및 분석 프로그래밍
2023-02-06,월,09:10~10:00,데이터베이스설계와 SQL활용
2023-02-06,월,10:10~11:00,데이터베이스설계와 SQL활용
2023-02-06,월,11:10~12:00,데이터베이스설계와 SQL활용
2023-02-06,월,12:10~13:00,데이터베이스설계와 SQL활용
2023-02-06,월,14:00~14:50,데이터베이스설계와 SQL활용
2023-02-06,월,15:00~15:50,데이터베이스설계와 SQL활용
2023-02-07,화,09:10~10:00,머신러닝 딥러닝 실습
2023-02-07,화,10:10~11:00,머신러닝 딥러닝 실습
2023-02-07,화,11:10~12:00,머신러닝 딥러닝 실습
2023-02-07,화,12:10~13:00,머신러닝 딥러닝 실습
2023-02-07,화,14:00~14:50,머신러닝 딥러닝 실습
2023-02-07,화,15:00~15:50,데이터베이스설계와 SQL활용
2023-02-07,화,16:00~16:50,데이터베이스설계와 SQL활용
2023-02-08,수,09:10~10:00,데이터베이스설계와 SQL활용
2023-02-08,수,10:10~11:00,데이터베이스설계와 SQL활용
2023-02-08,수,11:10~12:00,데이터베이스설계와 SQL활용
2023-02-08,수,12:10~13:00,데이터베이스설계와 SQL활용
2023-02-08,수,14:00~14:50,데이터베이스설계와 SQL활용
2023-02-08,수,15:00~15:50,데이터베이스설계와 SQL활용
2023-02-08,수,16:00~16:50,데이터베이스설계와 SQL활용
2023-02-09,목,09:10~10:00,데이터수집 및 분석 프로그래밍
2023-02-09,목,10:10~11:00,데이터수집 및 분석 프로그래밍
2023-02-09,목,11:10~12:00,데이터수집 및 분석 프로그래밍
2023-02-09,목,12:10~13:00,데이터수집 및 분석 프로그래밍
2023-02-09,목,14:00~14:50,데이터수집 및 분석 프로그래밍
2023-02-09,목,15:00~15:50,데이터수집 및 분석 프로그래밍
2023-02-09,목,16:00~16:50,클라우드와 인공지능 플랫폼 활용 실습
2023-02-10,금,09:10~10:00,클라우드와 인공지능 플랫폼 활용 실습
2023-02-10,금,10:10~11:00,클라우드와 인공지능 플랫폼 활용 실습
2023-02-10,금,11:10~12:00,클라우드와 인공지능 플랫폼 활용 실습
2023-02-10,금,12:10~13:00,클라우드와 인공지능 플랫폼 활용 실습
2023-02-10,금,14:00~14:50,클라우드와 인공지능 플랫폼 활용 실습
2023-02-10,금,15:00~15:50,클라우드와 인공지능 플랫폼 활용 실습
2023-02-13,월,09:10~10:00,머신러닝 딥러닝 실습
2023-02-13,월,10:10~11:00,머신러닝 딥러닝 실습
2023-02-13,월,11:10~12:00,머신러닝 딥러닝 실습
2023-02-13,월,12:10~13:00,머신러닝 딥러닝 실습
2023-02-13,월,14:00~14:50,머신러닝 딥러닝 실습
2023-02-13,월,15:00~15:50,머신러닝 딥러닝 실습
2023-02-14,화,09:10~10:00,머신러닝 딥러닝 실습
2023-02-14,화,10:10~11:00,머신러닝 딥러닝 실습
2023-02-14,화,11:10~12:00,머신러닝 딥러닝 실습
2023-02-14,화,12:10~13:00,머신러닝 딥러닝 실습
2023-02-14,화,14:00~14:50,머신러닝 딥러닝 실습
2023-02-14,화,15:00~15:50,머신러닝 딥러닝 실습
2023-02-14,화,16:00~16:50,머신러닝 딥러닝 실습
2023-02-15,수,09:10~10:00,머신러닝 딥러닝 실습
2023-02-15,수,10:10~11:00,머신러닝 딥러닝 실습
2023-02-15,수,11:10~12:00,머신러닝 딥러닝 실습
2023-02-15,수,12:10~13:00,머신러닝 딥러닝 실습
2023-02-15,수,14:00~14:50,머신러닝 딥러닝 실습
2023-02-15,수,15:00~15:50,머신러닝 딥러닝 실습
2023-02-15,수,16:00~16:50,머신러닝 딥러닝 실습
2023-02-16,목,09:10~10:00,머신러닝 딥러닝 실습
2023-02-16,목,10:10~11:00,머신러닝 딥러닝 실습
2023-02-16,목,11:10~12:00,머신러닝 딥러닝 실습
2023-02-16,목,12:10~13:00,머신러닝 딥러닝 실습
2023-02-16,목,14:00~14:50,머신러닝 딥러닝 실습
2023-02-16,목,15:00~15:50,머신러닝 딥러닝 실습
2023-02-16,목,16:00~16:50,머신러닝 딥러닝 실습
2023-02-17,금,09:10~10:00,머신러닝 딥러닝 실습
2023-02-17,금,10:10~11:00,머신러닝 딥러닝 실습
2023-02-17,금,11:10~12:00,머신러닝 딥러닝 실습
2023-02-17,금,12:10~13:00,머신러닝 딥러닝 실습
2023-02-17,금,14:00~14:50,머신러닝 딥러닝 실습
2023-02-17,금,15:00~15:50,머신러닝 딥러닝 실습
2023-02-20,월,09:10~10:00,클라우드와 인공지능 플랫폼 활용 실습
2023-02-20,월,10:10~11:00,클라우드와 인공지능 플랫폼 활용 실습
2023-02-20,월,11:10~12:00,클라우드와 인공지능 플랫폼 활용 실습
2023-02-20,월,12:10~13:00,클라우드와 인공지능 플랫폼 활용 실습
2023-02-20,월,14:00~14:50,클라우드와 인공지능 플랫폼 활용 실습
2023-02-20,월,15:00~15:50,클라우드와 인공지능 플랫폼 활용 실습
2023-02-21,화,09:10~10:00,클라우드와 인공지능 플랫폼 활용 실습
2023-02-21,화,10:10~11:00,클라우드와 인공지능 플랫폼 활용 실습
2023-02-21,화,11:10~12:00,클라우드와 인공지능 플랫폼 활용 실습
2023-02-21,화,12:10~13:00,클라우드와 인공지능 플랫폼 활용 실습
2023-02-21,화,14:00~14:50,클라우드와 인공지능 플랫폼 활용 실습
2023-02-21,화,15:00~15:50,클라우드와 인공지능 플랫폼 활용 실습
2023-02-21,화,16:00~16:50,클라우드와 인공지능 플랫폼 활용 실습
2023-02-22,수,09:10~10:00,클라우드와 인공지능 플랫폼 활용 실습
2023-02-22,수,10:10~11:00,클라우드와 인공지능 플랫폼 활용 실습
2023-02-22,수,11:10~12:00,클라우드와 인공지능 플랫폼 활용 실습
2023-02-22,수,12:10~13:00,클라우드와 인공지능 플랫폼 활용 실습
2023-02-22,수,14:00~14:50,클라우드와 인공지능 플랫폼 활용 실습
2023-02-22,수,15:00~15:50,재량교과
2023-02-22,수,16:00~16:50,재량교과
2023-02-23,목,09:10~10:00,클라우드와 인공지능 플랫폼 활용 실습
2023-02-23,목,10:10~11:00,클라우드와 인공지능 플랫폼 활용 실습
2023-02-23,목,11:10~12:00,클라우드와 인공지능 플랫폼 활용 실습
2023-02-23,목,12:10~13:00,클라우드와 인공지능 플랫폼 활용 실습
2023-02-23,목,14:00~14:50,클라우드와 인공지능 플랫폼 활용 실습
2023-02-23,목,15:00~15:50,클라우드와 인공지능 플랫폼 활용 실습
2023-02-23,목,16:00~16:50,클라우드와 인공지능 플랫폼 활용 실습
2023-02-24,금,09:10~10:00,클라우드와 인공지능 플랫폼 활용 실습
2023-02-24,금,10:10~11:00,클라우드와 인공지능 플랫폼 활용 실습
2023-02-24,금,11:10~12:00,클라우드와 인공지능 플랫폼 활용 실습
2023-02-24,금,12:10~13:00,클라우드와 인공지능 플랫폼 활용 실습
2023-02-24,금,14:00~14:50,클라우드와 인공지능 플랫폼 활용 실습
2023-02-24,금,15:00~15:50,클라우드와 인공지능 플랫폼 활용 실습
2023-02-27,월,09:10~10:00,클라우드와 인공지능 플랫폼 활용 실습
2023-02-27,월,10:10~11:00,클라우드와 인공지능 플랫폼 활용 실습
2023-02-27,월,11:10~12:00,클라우드와 인공지능 플랫폼 활용 실습
2023-02-27,월,12:10~13:00,클라우드와 인공지능 플랫폼 활용 실습
2023-02-27,월,14:00~14:50,클라우드와 인공지능 플랫폼 활용 실습
2023-02-27,월,15:00~15:50,클라우드와 인공지능 플랫폼 활용 실습
2023-02-28,화,09:10~10:00,클라우드와 인공지능 플랫폼 활용 실습
2023-02-28,화,10:10~11:00,클라우드와 인공지능 플랫폼 활용 실습
2023-02-28,화,11:10~12:00,클라우드와 인공지능 플랫폼 활용 실습
2023-02-28,화,12:10~13:00,클라우드와 인공지능 플랫폼 활용 실습
2023-02-28,화,14:00~14:50,클라우드와 인공지능 플랫폼 활용 실습
2023-02-28,화,15:00~15:50,클라우드와 인공지능 플랫폼 활용 실습
2023-02-28,화,16:00~16:50,클라우드와 인공지능 플랫폼 활용 실습
2023-03-02,목,09:10~10:00,머신러닝 딥러닝 실습
2023-03-02,목,10:10~11:00,머신러닝 딥러닝 실습
2023-03-02,목,11:10~12:00,머신러닝 딥러닝 실습
2023-03-02,목,12:10~13:00,머신러닝 딥러닝 실습
2023-03-02,목,14:00~14:50,머신러닝 딥러닝 실습
2023-03-02,목,15:00~15:50,머신러닝 딥러닝 실습
2023-03-02,목,16:00~16:50,머신러닝 딥러닝 실습
2023-03-03,금,09:10~10:00,머신러닝 딥러닝 실습
2023-03-03,금,10:10~11:00,머신러닝 딥러닝 실습
2023-03-03,금,11:10~12:00,머신러닝 딥러닝 실습
2023-03-03,금,12:10~13:00,머신러닝 딥러닝 실습
2023-03-03,금,14:00~14:50,머신러닝 딥러닝 실습
2023-03-03,금,15:00~15:50,머신러닝 딥러닝 실습
2023-03-06,월,09:10~10:00,머신러닝 딥러닝 실습
2023-03-06,월,10:10~11:00,머신러닝 딥러닝 실습
2023-03-06,월,11:10~12:00,머신러닝 딥러닝 실습
2023-03-06,월,12:10~13:00,머신러닝 딥러닝 실습
2023-03-06,월,14:00~14:50,머신러닝 딥러닝 실습
2023-03-06,월,15:00~15:50,머신러닝 딥러닝 실습
2023-03-07,화,09:10~10:00,머신러닝 딥러닝 실습
2023-03-07,화,10:10~11:00,머신러닝 딥러닝 실습
2023-03-07,화,11:10~12:00,머신러닝 딥러닝 실습
2023-03-07,화,12:10~13:00,머신러닝 딥러닝 실습
2023-03-07,화,14:00~14:50,머신러닝 딥러닝 실습
2023-03-07,화,15:00~15:50,머신러닝 딥러닝 실습
2023-03-07,화,16:00~16:50,머신러닝 딥러닝 실습
2023-03-08,수,09:10~10:00,머신러닝 딥러닝 실습
2023-03-08,수,10:10~11:00,머신러닝 딥러닝 실습
2023-03-08,수,11:10~12:00,머신러닝 딥러닝 실습
2023-03-08,수,12:10~13:00,머신러닝 딥러닝 실습
2023-03-08,수,14:00~14:50,머신러닝 딥러닝 실습
2023-03-08,수,15:00~15:50,머신러닝 딥러닝 실습
2023-03-08,수,16:00~16:50,머신러닝 딥러닝 실습
2023-03-09,목,09:10~10:00,머신러닝 딥러닝 실습
2023-03-09,목,10:10~11:00,머신러닝 딥러닝 실습
2023-03-09,목,11:10~12:00,머신러닝 딥러닝 실습
2023-03-09,목,12:10~13:00,머신러닝 딥러닝 실습
2023-03-09,목,14:00~14:50,머신러닝 딥러닝 실습
2023-03-09,목,15:00~15:50,머신러닝 딥러닝 실습
2023-03-09,목,16:00~16:50,머신러닝 딥러닝 실습
2023-03-10,금,09:10~10:00,머신러닝 딥러닝 실습
2023-03-10,금,10:10~11:00,머신러닝 딥러닝 실습
2023-03-10,금,11:10~12:00,클라우드와 인공지능 플랫폼 활용 실습
2023-03-10,금,12:10~13:00,클라우드와 인공지능 플랫폼 활용 실습
2023-03-10,금,14:00~14:50,클라우드와 인공지능 플랫폼 활용 실습
2023-03-10,금,15:00~15:50,클라우드와 인공지능 플랫폼 활용 실습
2023-03-13,월,09:10~10:00,클라우드와 인공지능 플랫폼 활용 실습
2023-03-13,월,10:10~11:00,클라우드와 인공지능 플랫폼 활용 실습
2023-03-13,월,11:10~12:00,클라우드와 인공지능 플랫폼 활용 실습
2023-03-13,월,12:10~13:00,클라우드와 인공지능 플랫폼 활용 실습
2023-03-13,월,14:00~14:50,클라우드와 인공지능 플랫폼 활용 실습
2023-03-13,월,15:00~15:50,클라우드와 인공지능 플랫폼 활용 실습
2023-03-14,화,09:10~10:00,클라우드와 인공지능 플랫폼 활용 실습
2023-03-14,화,10:10~11:00,클라우드와 인공지능 플랫폼 활용 실습
2023-03-14,화,11:10~12:00,클라우드와 인공지능 플랫폼 활용 실습
2023-03-14,화,12:10~13:00,클라우드와 인공지능 플랫폼 활용 실습
2023-03-14,화,14:00~14:50,클라우드와 인공지능 플랫폼 활용 실습
2023-03-14,화,15:00~15:50,클라우드와 인공지능 플랫폼 활용 실습
2023-03-14,화,16:00~16:50,클라우드와 인공지능 플랫폼 활용 실습
2023-03-15,수,09:10~10:00,클라우드와 인공지능 플랫폼 활용 실습
2023-03-15,수,10:10~11:00,클라우드와 인공지능 플랫폼 활용 실습
2023-03-15,수,11:10~12:00,클라우드와 인공지능 플랫폼 활용 실습
2023-03-15,수,12:10~13:00,클라우드와 인공지능 플랫폼 활용 실습
2023-03-15,수,14:00~14:50,클라우드와 인공지능 플랫폼 활용 실습
2023-03-15,수,15:00~15:50,클라우드와 인공지능 플랫폼 활용 실습
2023-03-15,수,16:00~16:50,클라우드와 인공지능 플랫폼 활용 실습
2023-03-16,목,09:10~10:00,클라우드와 인공지능 플랫폼 활용 실습
2023-03-16,목,10:10~11:00,클라우드와 인공지능 플랫폼 활용 실습
2023-03-16,목,11:10~12:00,클라우드와 인공지능 플랫폼 활용 실습
2023-03-16,목,12:10~13:00,클라우드와 인공지능 플랫폼 활용 실습
2023-03-16,목,14:00~14:50,클라우드와 인공지능 플랫폼 활용 실습
2023-03-16,목,15:00~15:50,파이썬 및 JavaScript 활용 프로젝트
2023-03-16,목,16:00~16:50,파이썬 및 JavaScript 활용 프로젝트
2023-03-17,금,09:10~10:00,파이썬 및 JavaScript 활용 프로젝트
2023-03-17,금,10:10~11:00,파이썬 및 JavaScript 활용 프로젝트
2023-03-17,금,11:10~12:00,파이썬 및 JavaScript 활용 프로젝트
2023-03-17,금,12:10~13:00,파이썬 및 JavaScript 활용 프로젝트
2023-03-17,금,14:00~14:50,파이썬 및 JavaScript 활용 프로젝트
2023-03-17,금,15:00~15:50,파이썬 및 JavaScript 활용 프로젝트
2023-03-20,월,09:10~10:00,파이썬 및 JavaScript 활용 프로젝트
2023-03-20,월,10:10~11:00,파이썬 및 JavaScript 활용 프로젝트
2023-03-20,월,11:10~12:00,파이썬 및 JavaScript 활용 프로젝트
2023-03-20,월,12:10~13:00,파이썬 및 JavaScript 활용 프로젝트
2023-03-20,월,14:00~14:50,파이썬 및 JavaScript 활용 프로젝트
2023-03-20,월,15:00~15:50,파이썬 및 JavaScript 활용 프로젝트
2023-03-21,화,09:10~10:00,파이썬 및 JavaScript 활용 프로젝트
2023-03-21,화,10:10~11:00,파이썬 및 JavaScript 활용 프로젝트
2023-03-21,화,11:10~12:00,파이썬 및 JavaScript 활용 프로젝트
2023-03-21,화,12:10~13:00,파이썬 및 JavaScript 활용 프로젝트
2023-03-21,화,14:00~14:50,파이썬 및 JavaScript 활용 프로젝트
2023-03-21,화,15:00~15:50,파이썬 및 JavaScript 활용 프로젝트
2023-03-21,화,16:00~16:50,파이썬 및 JavaScript 활용 프로젝트
2023-03-22,수,09:10~10:00,파이썬 및 JavaScript 활용 프로젝트
2023-03-22,수,10:10~11:00,파이썬 및 JavaScript 활용 프로젝트
2023-03-22,수,11:10~12:00,파이썬 및 JavaScript 활용 프로젝트
2023-03-22,수,12:10~13:00,파이썬 및 JavaScript 활용 프로젝트
2023-03-22,수,14:00~14:50,재량교과
2023-03-22,수,15:00~15:50,재량교과
2023-03-23,목,09:10~10:00,파이썬 및 JavaScript 활용 프로젝트
2023-03-23,목,10:10~11:00,파이썬 및 JavaScript 활용 프로젝트
2023-03-23,목,11:10~12:00,파이썬 및 JavaScript 활용 프로젝트
2023-03-23,목,12:10~13:00,파이썬 및 JavaScript 활용 프로젝트
2023-03-23,목,14:00~14:50,파이썬 및 JavaScript 활용 프로젝트
2023-03-23,목,15:00~15:50,파이썬 및 JavaScript 활용 프로젝트
2023-03-23,목,16:00~16:50,파이썬 및 JavaScript 활용 프로젝트
2023-03-24,금,09:10~10:00,파이썬 및 JavaScript 활용 프로젝트
2023-03-24,금,10:10~11:00,파이썬 및 JavaScript 활용 프로젝트
2023-03-24,금,11:10~12:00,파이썬 및 JavaScript 활용 프로젝트
2023-03-24,금,12:10~13:00,파이썬 및 JavaScript 활용 프로젝트
2023-03-24,금,14:00~14:50,파이썬 및 JavaScript 활용 프로젝트
2023-03-24,금,15:00~15:50,파이썬 및 JavaScript 활용 프로젝트
2023-03-27,월,09:10~10:00,파이썬 및 JavaScript 활용 프로젝트
2023-03-27,월,10:10~11:00,파이썬 및 JavaScript 활용 프로젝트
2023-03-27,월,11:10~12:00,파이썬 및 JavaScript 활용 프로젝트
2023-03-27,월,12:10~13:00,파이썬 및 JavaScript 활용 프로젝트
2023-03-27,월,14:00~14:50,파이썬 및 JavaScript 활용 프로젝트
2023-03-27,월,15:00~15:50,파이썬 및 JavaScript 활용 프로젝트
2023-03-28,화,09:10~10:00,파이썬 및 JavaScript 활용 프로젝트
2023-03-28,화,10:10~11:00,파이썬 및 JavaScript 활용 프로젝트
2023-03-28,화,11:10~12:00,파이썬 및 JavaScript 활용 프로젝트
2023-03-28,화,12:10~13:00,파이썬 및 JavaScript 활용 프로젝트
2023-03-28,화,14:00~14:50,파이썬 및 JavaScript 활용 프로젝트
2023-03-28,화,15:00~15:50,파이썬 및 JavaScript 활용 프로젝트
2023-03-28,화,16:00~16:50,파이썬 및 JavaScript 활용 프로젝트
2023-03-29,수,09:10~10:00,파이썬 및 JavaScript 활용 프로젝트
2023-03-29,수,10:10~11:00,파이썬 및 JavaScript 활용 프로젝트
2023-03-29,수,11:10~12:00,파이썬 및 JavaScript 활용 프로젝트
2023-03-29,수,12:10~13:00,파이썬 및 JavaScript 활용 프로젝트
2023-03-29,수,14:00~14:50,파이썬 및 JavaScript 활용 프로젝트
2023-03-29,수,15:00~15:50,파이썬 및 JavaScript 활용 프로젝트
2023-03-30,목,09:10~10:00,파이썬 및 JavaScript 활용 프로젝트
2023-03-30,목,10:10~11:00,파이썬 및 JavaScript 활용 프로젝트
2023-03-30,목,11:10~12:00,파이썬 및 JavaScript 활용 프로젝트
2023-03-30,목,12:10~13:00,파이썬 및 JavaScript 활용 프로젝트
2023-03-30,목,14:00~14:50,파이썬 및 JavaScript 활용 프로젝트
2023-03-30,목,15:00~15:50,파이썬 및 JavaScript 활용 프로젝트
2023-03-30,목,16:00~16:50,파이썬 및 JavaScript 활용 프로젝트
2023-03-31,금,09:10~10:00,파이썬 및 JavaScript 활용 프로젝트
2023-03-31,금,10:10~11:00,파이썬 및 JavaScript 활용 프로젝트
2023-03-31,금,11:10~12:00,파이썬 및 JavaScript 활용 프로젝트
2023-03-31,금,12:10~13:00,파이썬 및 JavaScript 활용 프로젝트
2023-03-31,금,14:00~14:50,파이썬 및 JavaScript 활용 프로젝트
2023-03-31,금,15:00~15:50,파이썬 및 JavaScript 활용 프로젝트
2023-04-03,월,09:10~10:00,파이썬 및 JavaScript 활용 프로젝트
2023-04-03,월,10:10~11:00,파이썬 및 JavaScript 활용 프로젝트
2023-04-03,월,11:10~12:00,파이썬 및 JavaScript 활용 프로젝트
2023-04-03,월,12:10~13:00,파이썬 및 JavaScript 활용 프로젝트
2023-04-03,월,14:00~14:50,파이썬 및 JavaScript 활용 프로젝트
2023-04-03,월,15:00~15:50,파이썬 및 JavaScript 활용 프로젝트
2023-04-04,화,09:10~10:00,파이썬 및 JavaScript 활용 프로젝트
2023-04-04,화,10:10~11:00,파이썬 및 JavaScript 활용 프로젝트
2023-04-04,화,11:10~12:00,파이썬 및 JavaScript 활용 프로젝트
2023-04-04,화,12:10~13:00,파이썬 및 JavaScript 활용 프로젝트
2023-04-04,화,14:00~14:50,파이썬 및 JavaScript 활용 프로젝트
2023-04-04,화,15:00~15:50,파이썬 및 JavaScript 활용 프로젝트
2023-04-04,화,16:00~16:50,파이썬 및 JavaScript 활용 프로젝트
2023-04-05,수,09:10~10:00,파이썬 및 JavaScript 활용 프로젝트
2023-04-05,수,10:10~11:00,파이썬 및 JavaScript 활용 프로젝트
2023-04-05,수,11:10~12:00,파이썬 및 JavaScript 활용 프로젝트
2023-04-05,수,12:10~13:00,파이썬 및 JavaScript 활용 프로젝트
2023-04-05,수,14:00~14:50,파이썬 및 JavaScript 활용 프로젝트
2023-04-05,수,15:00~15:50,파이썬 및 JavaScript 활용 프로젝트
2023-04-06,목,09:10~10:00,파이썬 및 JavaScript 활용 프로젝트
2023-04-06,목,10:10~11:00,파이썬 및 JavaScript 활용 프로젝트
2023-04-06,목,11:10~12:00,파이썬 및 JavaScript 활용 프로젝트
2023-04-06,목,12:10~13:00,파이썬 및 JavaScript 활용 프로젝트
2023-04-06,목,14:00~14:50,파이썬 및 JavaScript 활용 프로젝트
2023-04-06,목,15:00~15:50,파이썬 및 JavaScript 활용 프로젝트
2023-04-06,목,16:00~16:50,파이썬 및 JavaScript 활용 프로젝트
2023-04-07,금,09:10~10:00,파이썬 및 JavaScript 활용 프로젝트
2023-04-07,금,10:10~11:00,파이썬 및 JavaScript 활용 프로젝트
2023-04-07,금,11:10~12:00,파이썬 및 JavaScript 활용 프로젝트
2023-04-07,금,12:10~13:00,파이썬 및 JavaScript 활용 프로젝트
2023-04-07,금,14:00~14:50,파이썬과 CNN을 활용한 졸음방지 솔루션 개발 프로젝트
2023-04-07,금,15:00~15:50,파이썬과 CNN을 활용한 졸음방지 솔루션 개발 프로젝트
2023-04-10,월,09:10~10:00,파이썬과 CNN을 활용한 졸음방지 솔루션 개발 프로젝트
2023-04-10,월,10:10~11:00,파이썬과 CNN을 활용한 졸음방지 솔루션 개발 프로젝트
2023-04-10,월,11:10~12:00,파이썬과 CNN을 활용한 졸음방지 솔루션 개발 프로젝트
2023-04-10,월,12:10~13:00,파이썬과 CNN을 활용한 졸음방지 솔루션 개발 프로젝트
2023-04-10,월,14:00~14:50,파이썬과 CNN을 활용한 졸음방지 솔루션 개발 프로젝트
2023-04-10,월,15:00~15:50,파이썬과 CNN을 활용한 졸음방지 솔루션 개발 프로젝트
2023-04-11,화,09:10~10:00,파이썬과 CNN을 활용한 졸음방지 솔루션 개발 프로젝트
2023-04-11,화,10:10~11:00,파이썬과 CNN을 활용한 졸음방지 솔루션 개발 프로젝트
2023-04-11,화,11:10~12:00,파이썬과 CNN을 활용한 졸음방지 솔루션 개발 프로젝트
2023-04-11,화,12:10~13:00,파이썬과 CNN을 활용한 졸음방지 솔루션 개발 프로젝트
2023-04-11,화,14:00~14:50,파이썬과 CNN을 활용한 졸음방지 솔루션 개발 프로젝트
2023-04-11,화,15:00~15:50,파이썬과 CNN을 활용한 졸음방지 솔루션 개발 프로젝트
2023-04-11,화,16:00~16:50,파이썬과 CNN을 활용한 졸음방지 솔루션 개발 프로젝트
2023-04-12,수,09:10~10:00,파이썬과 CNN을 활용한 졸음방지 솔루션 개발 프로젝트
2023-04-12,수,10:10~11:00,파이썬과 CNN을 활용한 졸음방지 솔루션 개발 프로젝트
2023-04-12,수,11:10~12:00,파이썬과 CNN을 활용한 졸음방지 솔루션 개발 프로젝트
2023-04-12,수,12:10~13:00,파이썬과 CNN을 활용한 졸음방지 솔루션 개발 프로젝트
2023-04-12,수,14:00~14:50,파이썬과 CNN을 활용한 졸음방지 솔루션 개발 프로젝트
2023-04-12,수,15:00~15:50,파이썬과 CNN을 활용한 졸음방지 솔루션 개발 프로젝트
2023-04-13,목,09:10~10:00,머신러닝 딥러닝 활용 프로젝트
2023-04-13,목,10:10~11:00,머신러닝 딥러닝 활용 프로젝트
2023-04-13,목,11:10~12:00,머신러닝 딥러닝 활용 프로젝트
2023-04-13,목,12:10~13:00,머신러닝 딥러닝 활용 프로젝트
2023-04-13,목,14:00~14:50,머신러닝 딥러닝 활용 프로젝트
2023-04-13,목,15:00~15:50,머신러닝 딥러닝 활용 프로젝트
2023-04-13,목,16:00~16:50,머신러닝 딥러닝 활용 프로젝트
2023-04-14,금,09:10~10:00,머신러닝 딥러닝 활용 프로젝트
2023-04-14,금,10:10~11:00,머신러닝 딥러닝 활용 프로젝트
2023-04-14,금,11:10~12:00,머신러닝 딥러닝 활용 프로젝트
2023-04-14,금,12:10~13:00,머신러닝 딥러닝 활용 프로젝트
2023-04-14,금,14:00~14:50,머신러닝 딥러닝 활용 프로젝트
2023-04-14,금,15:00~15:50,머신러닝 딥러닝 활용 프로젝트
2023-04-17,월,09:10~10:00,파이썬과 CNN을 활용한 졸음방지 솔루션 개발 프로젝트
2023-04-17,월,10:10~11:00,파이썬과 CNN을 활용한 졸음방지 솔루션 개발 프로젝트
2023-04-17,월,11:10~12:00,파이썬과 CNN을 활용한 졸음방지 솔루션 개발 프로젝트
2023-04-17,월,12:10~13:00,파이썬과 CNN을 활용한 졸음방지 솔루션 개발 프로젝트
2023-04-17,월,14:00~14:50,파이썬과 CNN을 활용한 졸음방지 솔루션 개발 프로젝트
2023-04-17,월,15:00~15:50,파이썬과 CNN을 활용한 졸음방지 솔루션 개발 프로젝트
2023-04-18,화,09:10~10:00,파이썬과 CNN을 활용한 졸음방지 솔루션 개발 프로젝트
2023-04-18,화,10:10~11:00,파이썬과 CNN을 활용한 졸음방지 솔루션 개발 프로젝트
2023-04-18,화,11:10~12:00,파이썬과 CNN을 활용한 졸음방지 솔루션 개발 프로젝트
2023-04-18,화,12:10~13:00,파이썬과 CNN을 활용한 졸음방지 솔루션 개발 프로젝트
2023-04-18,화,14:00~14:50,파이썬과 CNN을 활용한 졸음방지 솔루션 개발 프로젝트
2023-04-18,화,15:00~15:50,파이썬과 CNN을 활용한 졸음방지 솔루션 개발 프로젝트
2023-04-18,화,16:00~16:50,파이썬과 CNN을 활용한 졸음방지 솔루션 개발 프로젝트
2023-04-19,수,09:10~10:00,파이썬과 CNN을 활용한 졸음방지 솔루션 개발 프로젝트
2023-04-19,수,10:10~11:00,파이썬과 CNN을 활용한 졸음방지 솔루션 개발 프로젝트
2023-04-19,수,11:10~12:00,파이썬과 CNN을 활용한 졸음방지 솔루션 개발 프로젝트
2023-04-19,수,12:10~13:00,파이썬과 CNN을 활용한 졸음방지 솔루션 개발 프로젝트
2023-04-19,수,14:00~14:50,재량교과
2023-04-19,수,15:00~15:50,재량교과
2023-04-20,목,09:10~10:00,머신러닝 딥러닝 활용 프로젝트
2023-04-20,목,10:10~11:00,머신러닝 딥러닝 활용 프로젝트
2023-04-20,목,11:10~12:00,머신러닝 딥러닝 활용 프로젝트
2023-04-20,목,12:10~13:00,머신러닝 딥러닝 활용 프로젝트
2023-04-20,목,14:00~14:50,머신러닝 딥러닝 활용 프로젝트
2023-04-20,목,15:00~15:50,머신러닝 딥러닝 활용 프로젝트
2023-04-20,목,16:00~16:50,머신러닝 딥러닝 활용 프로젝트
2023-04-21,금,09:10~10:00,머신러닝 딥러닝 활용 프로젝트
2023-04-21,금,10:10~11:00,머신러닝 딥러닝 활용 프로젝트
2023-04-21,금,11:10~12:00,머신러닝 딥러닝 활용 프로젝트
2023-04-21,금,12:10~13:00,머신러닝 딥러닝 활용 프로젝트
2023-04-21,금,14:00~14:50,머신러닝 딥러닝 활용 프로젝트
2023-04-21,금,15:00~15:50,머신러닝 딥러닝 활용 프로젝트
2023-04-24,월,09:10~10:00,파이썬과 CNN을 활용한 졸음방지 솔루션 개발 프로젝트
2023-04-24,월,10:10~11:00,파이썬과 CNN을 활용한 졸음방지 솔루션 개발 프로젝트
2023-04-24,월,11:10~12:00,파이썬과 CNN을 활용한 졸음방지 솔루션 개발 프로젝트
2023-04-24,월,12:10~13:00,파이썬과 CNN을 활용한 졸음방지 솔루션 개발 프로젝트
2023-04-24,월,14:00~14:50,파이썬과 CNN을 활용한 졸음방지 솔루션 개발 프로젝트
2023-04-24,월,15:00~15:50,파이썬과 CNN을 활용한 졸음방지 솔루션 개발 프로젝트
2023-04-25,화,09:10~10:00,파이썬과 CNN을 활용한 졸음방지 솔루션 개발 프로젝트
2023-04-25,화,10:10~11:00,파이썬과 CNN을 활용한 졸음방지 솔루션 개발 프로젝트
2023-04-25,화,11:10~12:00,파이썬과 CNN을 활용한 졸음방지 솔루션 개발 프로젝트
2023-04-25,화,12:10~13:00,파이썬과 CNN을 활용한 졸음방지 솔루션 개발 프로젝트
2023-04-25,화,14:00~14:50,파이썬과 CNN을 활용한 졸음방지 솔루션 개발 프로젝트
2023-04-25,화,15:00~15:50,파이썬과 CNN을 활용한 졸음방지 솔루션 개발 프로젝트
2023-04-25,화,16:00~16:50,파이썬과 CNN을 활용한 졸음방지 솔루션 개발 프로젝트
2023-04-26,수,09:10~10:00,파이썬과 CNN을 활용한 졸음방지 솔루션 개발 프로젝트
2023-04-26,수,10:10~11:00,파이썬과 CNN을 활용한 졸음방지 솔루션 개발 프로젝트
2023-04-26,수,11:10~12:00,파이썬과 CNN을 활용한 졸음방지 솔루션 개발 프로젝트
2023-04-26,수,12:10~13:00,파이썬과 CNN을 활용한 졸음방지 솔루션 개발 프로젝트
2023-04-26,수,14:00~14:50,파이썬과 CNN을 활용한 졸음방지 솔루션 개발 프로젝트
2023-04-26,수,15:00~15:50,파이썬과 CNN을 활용한 졸음방지 솔루션 개발 프로젝트
2023-04-27,목,09:10~10:00,머신러닝 딥러닝 활용 프로젝트
2023-04-27,목,10:10~11:00,머신러닝 딥러닝 활용 프로젝트
2023-04-27,목,11:10~12:00,머신러닝 딥러닝 활용 프로젝트
2023-04-27,목,12:10~13:00,머신러닝 딥러닝 활용 프로젝트
2023-04-27,목,14:00~14:50,머신러닝 딥러닝 활용 프로젝트
2023-04-27,목,15:00~15:50,머신러닝 딥러닝 활용 프로젝트
2023-04-27,목,16:00~16:50,머신러닝 딥러닝 활용 프로젝트
2023-04-28,금,09:10~10:00,머신러닝 딥러닝 활용 프로젝트
2023-04-28,금,10:10~11:00,머신러닝 딥러닝 활용 프로젝트
2023-04-28,금,11:10~12:00,머신러닝 딥러닝 활용 프로젝트
2023-04-28,금,12:10~13:00,머신러닝 딥러닝 활용 프로젝트
2023-04-28,금,14:00~14:50,머신러닝 딥러닝 활용 프로젝트
2023-04-28,금,15:00~15:50,머신러닝 딥러닝 활용 프로젝트
2023-05-01,월,09:10~10:00,파이썬과 CNN을 활용한 졸음방지 솔루션 개발 프로젝트
2023-05-01,월,10:10~11:00,파이썬과 CNN을 활용한 졸음방지 솔루션 개발 프로젝트
2023-05-01,월,11:10~12:00,파이썬과 CNN을 활용한 졸음방지 솔루션 개발 프로젝트
2023-05-01,월,12:10~13:00,파이썬과 CNN을 활용한 졸음방지 솔루션 개발 프로젝트
2023-05-01,월,14:00~14:50,파이썬과 CNN을 활용한 졸음방지 솔루션 개발 프로젝트
2023-05-01,월,15:00~15:50,파이썬과 CNN을 활용한 졸음방지 솔루션 개발 프로젝트
2023-05-02,화,09:10~10:00,파이썬과 CNN을 활용한 졸음방지 솔루션 개발 프로젝트
2023-05-02,화,10:10~11:00,파이썬과 CNN을 활용한 졸음방지 솔루션 개발 프로젝트
2023-05-02,화,11:10~12:00,파이썬과 CNN을 활용한 졸음방지 솔루션 개발 프로젝트
2023-05-02,화,12:10~13:00,파이썬과 CNN을 활용한 졸음방지 솔루션 개발 프로젝트
2023-05-02,화,14:00~14:50,파이썬과 CNN을 활용한 졸음방지 솔루션 개발 프로젝트
2023-05-02,화,15:00~15:50,파이썬과 CNN을 활용한 졸음방지 솔루션 개발 프로젝트
2023-05-02,화,16:00~16:50,파이썬과 CNN을 활용한 졸음방지 솔루션 개발 프로젝트
2023-05-03,수,09:10~10:00,머신러닝 딥러닝 활용 프로젝트
2023-05-03,수,10:10~11:00,머신러닝 딥러닝 활용 프로젝트
2023-05-03,수,11:10~12:00,머신러닝 딥러닝 활용 프로젝트
2023-05-03,수,12:10~13:00,머신러닝 딥러닝 활용 프로젝트
2023-05-03,수,14:00~14:50,머신러닝 딥러닝 활용 프로젝트
2023-05-03,수,15:00~15:50,머신러닝 딥러닝 활용 프로젝트
2023-05-04,목,09:10~10:00,머신러닝 딥러닝 활용 프로젝트
2023-05-04,목,10:10~11:00,머신러닝 딥러닝 활용 프로젝트
2023-05-04,목,11:10~12:00,머신러닝 딥러닝 활용 프로젝트
2023-05-04,목,12:10~13:00,머신러닝 딥러닝 활용 프로젝트
2023-05-04,목,14:00~14:50,머신러닝 딥러닝 활용 프로젝트
2023-05-04,목,15:00~15:50,머신러닝 딥러닝 활용 프로젝트
2023-05-04,목,16:00~16:50,머신러닝 딥러닝 활용 프로젝트
2023-05-08,월,09:10~10:00,파이썬과 CNN을 활용한 졸음방지 솔루션 개발 프로젝트
2023-05-08,월,10:10~11:00,파이썬과 CNN을 활용한 졸음방지 솔루션 개발 프로젝트
2023-05-08,월,11:10~12:00,파이썬과 CNN을 활용한 졸음방지 솔루션 개발 프로젝트
2023-05-08,월,12:10~13:00,파이썬과 CNN을 활용한 졸음방지 솔루션 개발 프로젝트
2023-05-08,월,14:00~14:50,파이썬과 CNN을 활용한 졸음방지 솔루션 개발 프로젝트
2023-05-08,월,15:00~15:50,파이썬과 CNN을 활용한 졸음방지 솔루션 개발 프로젝트
2023-05-09,화,09:10~10:00,파이썬과 CNN을 활용한 졸음방지 솔루션 개발 프로젝트
2023-05-09,화,10:10~11:00,파이썬과 CNN을 활용한 졸음방지 솔루션 개발 프로젝트
2023-05-09,화,11:10~12:00,파이썬과 CNN을 활용한 졸음방지 솔루션 개발 프로젝트
2023-05-09,화,12:10~13:00,파이썬과 CNN을 활용한 졸음방지 솔루션 개발 프로젝트
2023-05-09,화,14:00~14:50,파이썬과 CNN을 활용한 졸음방지 솔루션 개발 프로젝트
2023-05-09,화,15:00~15:50,파이썬과 CNN을 활용한 졸음방지 솔루션 개발 프로젝트
2023-05-09,화,16:00~16:50,파이썬과 CNN을 활용한 졸음방지 솔루션 개발 프로젝트
2023-05-10,수,09:10~10:00,머신러닝 딥러닝 활용 프로젝트
2023-05-10,수,10:10~11:00,머신러닝 딥러닝 활용 프로젝트
2023-05-10,수,11:10~12:00,머신러닝 딥러닝 활용 프로젝트
2023-05-10,수,12:10~13:00,머신러닝 딥러닝 활용 프로젝트
2023-05-10,수,14:00~14:50,머신러닝 딥러닝 활용 프로젝트
2023-05-10,수,15:00~15:50,머신러닝 딥러닝 활용 프로젝트
2023-05-11,목,09:10~10:00,머신러닝 딥러닝 활용 프로젝트
2023-05-11,목,10:10~11:00,머신러닝 딥러닝 활용 프로젝트
2023-05-11,목,11:10~12:00,머신러닝 딥러닝 활용 프로젝트
2023-05-11,목,12:10~13:00,머신러닝 딥러닝 활용 프로젝트
2023-05-11,목,14:00~14:50,머신러닝 딥러닝 활용 프로젝트
2023-05-11,목,15:00~15:50,머신러닝 딥러닝 활용 프로젝트
2023-05-11,목,16:00~16:50,머신러닝 딥러닝 활용 프로젝트
2023-05-12,금,09:10~10:00,머신러닝 딥러닝 활용 프로젝트
2023-05-12,금,10:10~11:00,머신러닝 딥러닝 활용 프로젝트
2023-05-12,금,11:10~12:00,머신러닝 딥러닝 활용 프로젝트
2023-05-12,금,12:10~13:00,머신러닝 딥러닝 활용 프로젝트
2023-05-12,금,14:00~14:50,머신러닝 딥러닝 활용 프로젝트
2023-05-12,금,15:00~15:50,머신러닝 딥러닝 활용 프로젝트
2023-05-15,월,09:10~10:00,파이썬과 CNN을 활용한 졸음방지 솔루션 개발 프로젝트
2023-05-15,월,10:10~11:00,파이썬과 CNN을 활용한 졸음방지 솔루션 개발 프로젝트
2023-05-15,월,11:10~12:00,파이썬과 CNN을 활용한 졸음방지 솔루션 개발 프로젝트
2023-05-15,월,12:10~13:00,파이썬과 CNN을 활용한 졸음방지 솔루션 개발 프로젝트
2023-05-15,월,14:00~14:50,파이썬과 CNN을 활용한 졸음방지 솔루션 개발 프로젝트
2023-05-15,월,15:00~15:50,파이썬과 CNN을 활용한 졸음방지 솔루션 개발 프로젝트
2023-05-16,화,09:10~10:00,파이썬과 CNN을 활용한 졸음방지 솔루션 개발 프로젝트
2023-05-16,화,10:10~11:00,파이썬과 CNN을 활용한 졸음방지 솔루션 개발 프로젝트
2023-05-16,화,11:10~12:00,파이썬과 CNN을 활용한 졸음방지 솔루션 개발 프로젝트
2023-05-16,화,12:10~13:00,파이썬과 CNN을 활용한 졸음방지 솔루션 개발 프로젝트
2023-05-16,화,14:00~14:50,파이썬과 CNN을 활용한 졸음방지 솔루션 개발 프로젝트
2023-05-16,화,15:00~15:50,파이썬과 CNN을 활용한 졸음방지 솔루션 개발 프로젝트
2023-05-16,화,16:00~16:50,파이썬과 CNN을 활용한 졸음방지 솔루션 개발 프로젝트
2023-05-17,수,09:10~10:00,머신러닝 딥러닝 활용 프로젝트
2023-05-17,수,10:10~11:00,머신러닝 딥러닝 활용 프로젝트
2023-05-17,수,11:10~12:00,머신러닝 딥러닝 활용 프로젝트
2023-05-17,수,12:10~13:00,머신러닝 딥러닝 활용 프로젝트
2023-05-17,수,14:00~14:50,재량교과
2023-05-17,수,15:00~15:50,재량교과
2023-05-18,목,09:10~10:00,머신러닝 딥러닝 활용 프로젝트
2023-05-18,목,10:10~11:00,머신러닝 딥러닝 활용 프로젝트
2023-05-18,목,11:10~12:00,머신러닝 딥러닝 활용 프로젝트
2023-05-18,목,12:10~13:00,머신러닝 딥러닝 활용 프로젝트
2023-05-18,목,14:00~14:50,머신러닝 딥러닝 활용 프로젝트
2023-05-18,목,15:00~15:50,머신러닝 딥러닝 활용 프로젝트
2023-05-18,목,16:00~16:50,머신러닝 딥러닝 활용 프로젝트
2023-05-19,금,09:10~10:00,머신러닝 딥러닝 활용 프로젝트
2023-05-19,금,10:10~11:00,머신러닝 딥러닝 활용 프로젝트
2023-05-19,금,11:10~12:00,머신러닝 딥러닝 활용 프로젝트
2023-05-19,금,12:10~13:00,머신러닝 딥러닝 활용 프로젝트
2023-05-19,금,14:00~14:50,머신러닝 딥러닝 활용 프로젝트
2023-05-19,금,15:00~15:50,머신러닝 딥러닝 활용 프로젝트
2023-05-22,월,09:10~10:00,파이썬과 CNN을 활용한 졸음방지 솔루션 개발 프로젝트
2023-05-22,월,10:10~11:00,파이썬과 CNN을 활용한 졸음방지 솔루션 개발 프로젝트
2023-05-22,월,11:10~12:00,파이썬과 CNN을 활용한 졸음방지 솔루션 개발 프로젝트
2023-05-22,월,12:10~13:00,파이썬과 CNN을 활용한 졸음방지 솔루션 개발 프로젝트
2023-05-22,월,14:00~14:50,머신러닝 딥러닝 활용 프로젝트
2023-05-22,월,15:00~15:50,머신러닝 딥러닝 활용 프로젝트
2023-05-23,화,09:10~10:00,머신러닝 딥러닝 활용 프로젝트
2023-05-23,화,10:10~11:00,머신러닝 딥러닝 활용 프로젝트
2023-05-23,화,11:10~12:00,머신러닝 딥러닝 활용 프로젝트
2023-05-23,화,12:10~13:00,머신러닝 딥러닝 활용 프로젝트
2023-05-23,화,14:00~14:50,머신러닝 딥러닝 활용 프로젝트
2023-05-23,화,15:00~15:50,머신러닝 딥러닝 활용 프로젝트
2023-05-24,수,09:10~10:00,머신러닝 딥러닝 활용 프로젝트
2023-05-24,수,10:10~11:00,머신러닝 딥러닝 활용 프로젝트
2023-05-24,수,11:10~12:00,머신러닝 딥러닝 활용 프로젝트
2023-05-24,수,12:10~13:00,머신러닝 딥러닝 활용 프로젝트
